text,annotation_32,annotation_33,annotation_35,annotation_17
Follow the CDC guidelines. Don’t become a statistic.,pro-mitigation,pro-mitigation,pro-mitigation,pro-mitigation
Do you agree with CDC guidelines that children as young as two should be masked?,unclear,unclear,unclear,unclear
"So, both #Pharmaceutical companies #lilly and #Johnsonandjohnson have suspended trials on #Covidvaccine 😱 I’m sure… https://t.co/iGLSGLyqUH",anti-mitigation,unclear,unclear,unclear
The CDC's guidelines are clear; you just don't like them.,pro-mitigation,pro-mitigation,anti-mitigation,pro-mitigation
CDC Updates School Guidelines For Students Returning In The Fall  https://t.co/j8OEklA9uJ,unclear,unclear,unclear,unclear
School Officials React to New CDC Guidelines  https://t.co/QEXFHh9Mjk,unclear,unclear,unclear,unclear
"#China, the virus and #Egypt. #CovidVaccine https://t.co/cQdR26BMuM",unclear,unclear,unclear,unclear
My state will get #CovidVaccine On December 2023. https://t.co/B4V1thoBY7,unclear,pro-mitigation,anti-mitigation,unclear
"The World is looking at #Hyderabad for #CovidVaccine 

#COVID19India https://t.co/vDvTmEIo2m",unclear,unclear,unclear,unclear
Congratulations to for successfull development of the #CovidVaccine. Now World is able to find the… https://t.co/to07M8qAk5,pro-mitigation,pro-mitigation,pro-mitigation,unclear
"Sadly, President Biden and CDC Director are doing the same thing now, in lifting the indoor mask guidelines. It's very disappointing.",anti-mitigation,pro-mitigation,pro-mitigation,pro-mitigation
Anyone who entertains - at all - the possibility of a #CovidVaccine being safely available in time f… https://t.co/8o9fVKe7mg,anti-mitigation,unclear,unclear,unclear
".⁦⁦   So we’re now letting business groups, including the US Chamber of Commerce, set our CDC COVID guidelines?  We’d expect it from the former guy. BUT THIS ADMINISTRATION?  https://t.co/FbwNJMwCls",anti-mitigation,unclear,anti-mitigation,unclear
"Lol, no, it’s a direct result of quislings like you downplaying the pandemic, ignoring CDC guidelines and promoting anti-vaccination lies.",anti-mitigation,pro-mitigation,pro-mitigation,pro-mitigation
"Statistics as of the end of June revealed that over 311mn vaccines have been administered to Americans. As more residents get vaccinated, states are lifting their #COVID19 restrictions to match CDC guidelines. Here are all of the updated state guidelines:  https://t.co/6HXelvYAsA",pro-mitigation,unclear,pro-mitigation,unclear
"There's no magic solution, but we can a least solve 99% of the problem by following the CDC guidance. The CDC requires quarantine only of ""close contacts,"" defined as someone closer than 3' w/o a mask. Given current mask &amp; distancing guidelines, no kids would have to quarantine.  https://t.co/CUzkO1qZLp",pro-mitigation,pro-mitigation,pro-mitigation,pro-mitigation
"Despite my expectations, I wasn't vaccined yesterday. I was only tested for alcohol, drugs, hepatitis, syphilis and… https://t.co/CAWpaAjT6x",unclear,unclear,anti-mitigation,unclear
"Which vaccine will you prefer  ?  

#RussianVaccine
#CovidVaccine 
#COVID19",unclear,anti-mitigation,unclear,unclear
STUDIES SHOW MORPHINE MILLIGRAM EQUIVALENT (MME) USED IN CDC 2016 OPIOID GUIDELINES ARE BOTH BOGUS AND UNSCIENTIFIC: THEY MUST BE REPUDIATED AND WITHDRAWN  1.  https://t.co/EmEj17ze19,anti-mitigation,unclear,unclear,unclear
Going against CDC guidelines … you must be anti vax too,unclear,unclear,anti-mitigation,pro-mitigation
https://t.co/RymqkImNQW #covidvaccine #oxfordvaccine#covishield ,unclear,unclear,unclear,unclear
"The Serum Institute of India (SII), which was conducting the India trials for the coronavirus vaccine being develop… https://t.co/5BqZnoBBHq",unclear,unclear,unclear,unclear
“We are going to need everyone to mask up because the aliens can’t see you if you’re wearing at least one mask. Two is recommended per the CDC guidelines but one works as well IF you’re vaccinated. Together we can win this war and build back better.” - Biden,pro-mitigation,anti-mitigation,pro-mitigation,unclear
The CDC guidelines themselves said that you didn't need a mask if you're indoor and vaccinated.,anti-mitigation,unclear,anti-mitigation,unclear
i’m no tv programming expert but a reality show where border force officials go door to door to deliver mandatory c… https://t.co/L69tS96aQ0,unclear,unclear,unclear,unclear
"In a major development, Adar Poonawalla's Serum Institute of India has started the Phase-2/3 trial of a promising C… https://t.co/n7Eh9GeJOO",pro-mitigation,pro-mitigation,pro-mitigation,unclear
Same here. Since I got vaccinated and the cdc changed guidelines I mostly just mask in places where the employees are still masking.,pro-mitigation,pro-mitigation,pro-mitigation,pro-mitigation
"JUST IN: Vaccinated teachers and students don't need to wear masks inside schools, the CDC said in relaxing its COVID-19 guidelines.  https://t.co/kBtY8TGV8L",anti-mitigation,unclear,unclear,unclear
"Lol... CDC came out with more useful guidelines weeks ago. Tam has no credibility,is irrelevant.",unclear,unclear,unclear,unclear
Per CDC guidelines he doesn’t have to quarantine if he’s fully vaccinated?,unclear,unclear,unclear,unclear
"Breaking : #Russia released world's first #CovidVaccine. #RussianVaccine

Indians are still worried.😰 https://t.co/EozzSOK8s7",unclear,unclear,unclear,unclear
"Join us on 14th August @ 12 p.m. to get to know about all the precautions we adhere to.

#HomeScape #Solar… https://t.co/NeGAxw5zfM",unclear,unclear,unclear,unclear
UK signs €1.4bn deal for Valneva coronavirus vaccine. 🇬🇧🇫🇷🦠 #Valneva #CovidVaccine  https://t.co/D25MRjCBkN,pro-mitigation,unclear,pro-mitigation,unclear
The world’s best biopharmaceutical researchers are in a race to develop an effective Covid-19 vaccine. But it’s als… https://t.co/vKigmWV2Pk,unclear,pro-mitigation,pro-mitigation,unclear
#covidvaccine fail. Trial stopped again due to serious adverse event .the first time in July the person got #MS the… https://t.co/35yz4AUdG3,anti-mitigation,unclear,anti-mitigation,anti-mitigation
“You are wearing a gun holster dude”. In rebuttal to the topic of CDC guidelines and censorship.  It’s like watching Biden at his best.,unclear,unclear,unclear,unclear
"Our district wouldn’t budge! 🙌🏽I’m a school RN. Parents hollering &amp; fussing &amp; my boss just looked at them like, “Come at me, bro!” 😂💪🏽Her only response was, “I am following CDC and local health dept guidelines.” With a look that could kill. She’s the best!",anti-mitigation,pro-mitigation,pro-mitigation,pro-mitigation
"CDC schools guidelines prioritize in-person learning, even though not all Covid-19 safety measures are in place  https://t.co/QzBOTN6dnm",anti-mitigation,anti-mitigation,anti-mitigation,unclear
 it is a bitter truth that those who are searching in Google {non Medical}  know much about covid than 90 percent of doctors.. Reason doctors(not all) after graduation  read only who/cdc/fda guidelines and hear lectures of medical rep about  newly launched medicine..,anti-mitigation,anti-mitigation,anti-mitigation,anti-mitigation
"Hello Everyone, 1/11) Dr. Fauci Speaks On CDC’s New Guidelines For Fully Vaccinated Students  https://t.co/RA11rzyzUk #Pfizer #vaccine #booster #coronavirus #CDC",unclear,unclear,unclear,unclear
"And since the CDC and administration relaxed covid guidelines despite the objections of everyone with functioning brain cells (with states directly following their lead, causing this predicament), do we conclude that the admin and CDC don't care about Black and Brown people?",anti-mitigation,unclear,unclear,pro-mitigation
"Looks like #CovidVaccine will also meet fate of #PolioVaccine.

BTW, what happened to #EconomicBoycott? https://t.co/X5K6AyW1XV",anti-mitigation,unclear,anti-mitigation,unclear
Since you are informing the public about mask. You should put out correct information. The CDC makes guidelines they do not make laws. Plus it's not the law weather to wear a mask or not. I have not found any law made to that rule. Please truly care for the people and tru facts,anti-mitigation,anti-mitigation,anti-mitigation,anti-mitigation
It also means to have manufacturing capacity for hundreds of millions of doses #covid19 #vaccine #CovidVaccine https://t.co/NbQEj9Zcq0,pro-mitigation,unclear,unclear,unclear
Why has the CDC not updated their tx guidelines for STIs since 2015?,unclear,unclear,unclear,unclear
India's drug regulator has directed Serum Institute of India to suspend recruitment of new volunteers for phase 2 a… https://t.co/g1a3NFbr0T,unclear,unclear,unclear,unclear
Then I hope you're following the CDC guidelines which recommend n95 and btw  change it after each encounter notice what they say about surgical masks they might as well say stop with the theater.  https://t.co/wYYeKWMnuG  https://t.co/EbeCjn5AGE,pro-mitigation,unclear,pro-mitigation,unclear
Status and Future of the Pandemic: #fema #iaem #nema #dhs #disasters #covid19 #coronavirus #hhs #cdc #nytimes… https://t.co/8MC5G42sno,unclear,unclear,unclear,unclear
[CLIENT OPINION] COVID-19 vaccine research theft should be a wake-up call for universities: opinion by Geoff Schomb… https://t.co/JV5SF6F5eN,anti-mitigation,unclear,anti-mitigation,unclear
"The World’s Best Hope for Enough #Covid19 Vaccine Comes from India 
#CoronavirusVaccine… https://t.co/po5NJBJwOU",pro-mitigation,pro-mitigation,pro-mitigation,unclear
Its not a pandemic. Cdc guidelines state it has to have a 7% deathrate. Covid is less than the flu. Get over it and stop giving up your freedom to privacy.,anti-mitigation,anti-mitigation,anti-mitigation,anti-mitigation
"This is funny, I don’t care who you are. #FakeNewsIsTheRealPandemic
#LiberalHypocrisy #LiberalLogic… https://t.co/ssBOugkwZz",unclear,unclear,anti-mitigation,unclear
"Covid-19 vaccine will be second most appreciated thing from Russia. Vodka will always be first

#CovidVaccine",pro-mitigation,pro-mitigation,pro-mitigation,pro-mitigation
"It SHOULD be the elderly and most vulnerable. 

It WILL be the rich and powerful. 

#CovidVaccine https://t.co/CmJWXDcty4",anti-mitigation,pro-mitigation,unclear,pro-mitigation
"Lol.  It proves my thesis that the risk to the vaccinated is extremely low.  So low that it is ridiculous to require the vaccinated to wear masks, except in certain places like hospitals, doctors offices, airplanes, and subways.  The CDC guidelines are consistent with this.",unclear,anti-mitigation,unclear,pro-mitigation
"Without an #FDA approved #COVIDVaccine, our elderly and other vulnerable populations remain at risk. Find out how y… https://t.co/bbCF3QNMtb",anti-mitigation,pro-mitigation,pro-mitigation,unclear
As a member this is completely out of pocket.  I'm sure this doesn't fall within the nor guidelines either.,unclear,unclear,anti-mitigation,unclear
"Only an idiot would go on a cruise without some form of protection from Covid 19. The CDC was wise to provide these guidelines, as its mandate is to do what it can to protect the health of you, me and every other American.",pro-mitigation,pro-mitigation,pro-mitigation,pro-mitigation
CDC can't mandate this. They're just guidelines. States will adopt them though and force schools to adopt them.  Parents just need to say no.,anti-mitigation,anti-mitigation,anti-mitigation,anti-mitigation
"Beijing has not released official data on the uptake in domestic targeted groups, which include medical, transport… https://t.co/CYCcPWJNQ1",unclear,unclear,unclear,unclear
"The CDC doesn’t make rules. They issue guidelines. Airlines make rules based on the guidelines. With a private plane, there is no one to make a rule. 100% vaccinated people do not need masks.",anti-mitigation,unclear,anti-mitigation,anti-mitigation
"COVID-19 Vaccine: China joins Covax initiative co-led by ⬇️

#China #CovidVaccine #COVID19 #COVAXIN 

https://t.co/IKa6vaPV0K",pro-mitigation,unclear,unclear,unclear
Excellent thread on CDC and CDPH school guidelines.  Prioritizing students in school is a great place to start,pro-mitigation,unclear,pro-mitigation,pro-mitigation
Healthy-symptoms-tests-tx-meds-new symptoms-new tests-dept heads scratch heads-specialists and team- more tests- tx- meds-pain-more tests- meds-20yrs controlled - CDC Guidelines = no more meds= PAIN + ⬆️weight⬆️BP⬆️Pain⬇️QOL⬇️activity⬆️pain⬇️ function⬆️weight ⬆️❤️ issues ⬆️😭,pro-mitigation,unclear,unclear,unclear
"It’s PRIME vacation season! 🏄 Thanks to the vaccine &amp; new CDC travel guidelines, Americans are ready for summer vacation. Does your organization have a plan? In this article, Lisa Rabasca Roepe lists 5 ways managers can handle multiple requests.    https://t.co/0Qlk8SCDCm  https://t.co/JLgKPY3zOH",anti-mitigation,unclear,pro-mitigation,unclear
Created by WHO and CCP 🇨🇳.  CDC 🏴‍☠️ DNC will be implementing new Guidelines for Lockdowns and Masks for 🇺🇸,pro-mitigation,pro-mitigation,anti-mitigation,anti-mitigation
It’s a fact check because 2 of the presidents who supposedly refused the vaccine actually were acting in compliance with the CDC guidelines and one of those two countries was receiving vaccines before the time of their president’s death. Read the article next time please.  https://t.co/c9CdE6JoK1,unclear,unclear,pro-mitigation,unclear
"Also of interest, Samuels recommended that all MAT meds be included in the PDMP. Also recommended that the CDC guidelines be mandatory for CMS which means many are discriminated against when they need rx opioids.  https://t.co/t2X7i9u66O  https://t.co/XA1X5i0oPW",anti-mitigation,unclear,anti-mitigation,unclear
Can we stop putting the onus on people who’ve followed the rules all year and got their vaccinations on time? Isn’t this counter to current CDC guidelines? What the fuck are we doing? Vaccinations are FREE! Small businesses have suffered enough! ,pro-mitigation,anti-mitigation,pro-mitigation,anti-mitigation
"California #Reopens, New #Covid_19 #Workplace Rules Align with CDC, State Health Dept. Guidelines, Everybody Talks About California’s #Housing Crisis, But Nobody Will Solve It, California #Tourism Update on June 28 to Detail Stimulus Spending Plan  https://t.co/wVmRCclWRV",anti-mitigation,unclear,anti-mitigation,unclear
"Today's UK GOV SLOGASM is COVID19 ""challenge"" testing.

Basically, so big pharma can get there vaccine rushed into… https://t.co/KKN7XJvV12",anti-mitigation,anti-mitigation,anti-mitigation,anti-mitigation
#JustIn: #US President #DonaldTrump to hold #PressConference tomorrow regarding a 'major therapeutic breakthrough'… https://t.co/qzGgPdkf0u,pro-mitigation,unclear,unclear,unclear
"Watch #LIVE ; Randeep Guleria Director, AIIMS and Pankaj R. Patel Chairman, at AIMA… https://t.co/Pnr1fxVHem",unclear,unclear,unclear,unclear
"As manufacturers try to build trust in the vaccine process, the government is trying reduce the types of injuries i… https://t.co/yXA05kFqQJ",unclear,pro-mitigation,unclear,unclear
Lets face it most governments are being slow &amp; dont have proper guidelines the US included. The CDC puts this at the end of their posts but never says this in news conferences. They say the vaccine is so great against delta but they actually don’t know. They contradict themselves  https://t.co/DKWVvrFltw,anti-mitigation,unclear,unclear,unclear
"The CDC allowed the previous administration to punk them into changing guidelines &amp; then pulled this whole ""let us mask on the honor system"" bs. Now, they are scared about a variant. I'm sick of them.",unclear,anti-mitigation,anti-mitigation,unclear
#wethePeople trust the #FDA and would rather have a SAFE #vaccine than an election… https://t.co/0Pj7DWgChW,pro-mitigation,pro-mitigation,pro-mitigation,anti-mitigation
"BFD, did he check the CDC guidelines. During a pandemic it is a patriots duty to do whatever helps stop the spread of a virulent virus.",anti-mitigation,pro-mitigation,pro-mitigation,pro-mitigation
"I’m also reminded of work by Pathos Labs, which assembled persuasion and messaging strategies to help increase compliance and positive behaviors as they relate to public health orders and CDC guidelines.  More:  https://t.co/Txreo75GCM  https://t.co/fkGY1vaS1R",pro-mitigation,pro-mitigation,pro-mitigation,unclear
The Vaccine Confidence Project — Heidi Larson Knows How to Build Trust in Vaccines. #Vaccines #VaccineConfidence… https://t.co/IuTA21VnXz,pro-mitigation,unclear,pro-mitigation,pro-mitigation
"is absolutely shameful  A driver I had just today  failed to comply with the CDC Guidelines and Ubers Policy and was ""unmasked"" during my entire ride along with him taking a uncessary route that cost me 2x the ride fare Uber said the price was adjusted-",anti-mitigation,pro-mitigation,anti-mitigation,unclear
"Yikes!  ""Of course, you wouldn’t know that the vaccines are so effective by looking at the CDC’s overly-cautious guidelines."" ",anti-mitigation,unclear,anti-mitigation,pro-mitigation
"People who are fully vaccinated can travel within the U.S., according to updated CDC guidelines announced on Friday.  https://t.co/gcSa5MhcS2 01",unclear,unclear,pro-mitigation,unclear
COVID19 primary way of spreading is person to person and not from surfaces. MOH is a bit slow in updating it's guidelines. CDC already updated it's guidelines to reflect this.,unclear,pro-mitigation,pro-mitigation,unclear
Trump Wants to Move Beyond #Democrats #Covid19 Panic &amp; Hysteria  Until #CovidVaccine is Available for the Seriously… https://t.co/dtD45KDgNj,unclear,unclear,unclear,unclear
Same people worried about microchips in the #CovidVaccine are the ones who check into on Facebook. We do… https://t.co/2YPyvR1MOv,anti-mitigation,pro-mitigation,pro-mitigation,pro-mitigation
"Russia claims to have discovered #CovidVaccine.  He named the vaccine Sputnik V after the world's first satellite,… https://t.co/mDY9xfkHI8",pro-mitigation,unclear,unclear,unclear
"Now that vaccine is here, I m anxious to meet ppl I said I was so waiting to meet after pandemic!! 🙄

#CovidVaccine",unclear,pro-mitigation,unclear,unclear
"For all companies conducting trials for Covid-19 vaccine development, patient safety is more important than speed t… https://t.co/Qv80INjOVn",pro-mitigation,unclear,pro-mitigation,unclear
"Good News, Hopefully.  
#India's 1st #Covidvaccine-Serum Institute's '#Covishield'- will be commercialised in 73 da… https://t.co/JbpvAa3tNB",pro-mitigation,pro-mitigation,pro-mitigation,pro-mitigation
"#Sputnik to #CovidVaccine ! 
Hope it works ! Now #USA is under pressure ! 😅
#RussianVaccine #coronavirus https://t.co/rmzqxOAo1b",pro-mitigation,pro-mitigation,pro-mitigation,unclear
"Russia announces world's first Covid-19 vaccine, Putin's daughter gets vaccinated.
#COVID19 #Russia #CovidVaccine https://t.co/5FebFY1PcN",pro-mitigation,unclear,pro-mitigation,unclear
🏙 We are so excited to see these familiar faces in our New York office. #WorkivaLife  *Workiva follows all CDC and local guidelines for returning to the office.  https://t.co/JPf1nxd5po,anti-mitigation,unclear,pro-mitigation,pro-mitigation
"babies come out of a vagina? i thought my two testicles were eggs that hatch. i’ve been lied to 
#balls #baller… https://t.co/pOtlITAqS5",unclear,unclear,unclear,unclear
"A study of 60,000 people? The US has 330 MILLION and the world population is 7.8 BILLION. 
Doe… https://t.co/L4lUts04AA",unclear,anti-mitigation,unclear,anti-mitigation
"We reached the goal per CDC guidelines a week ago. It's time to open up. Stop stalling, hoping for another excuse...",unclear,anti-mitigation,anti-mitigation,anti-mitigation
"If this varient is more dangerous than the original version, y delete the mandate of masks ? There is so many ppl who dnt believe in covid, wearing masks, or getting the vaccine who abuse the privilege of the new cdc guidelines +",pro-mitigation,pro-mitigation,pro-mitigation,pro-mitigation
"Big Breaking: #Russia has become the first country in the world to register a #CovidVaccine, says President Vladimi… https://t.co/9xLQmuybHb",pro-mitigation,unclear,unclear,unclear
"CDC updates mask guidelines for K-12 schools, strongly recommends vaccination for children  https://t.co/eZsQxGU9sQ",pro-mitigation,pro-mitigation,pro-mitigation,pro-mitigation
"I completely agree! I have ask Virginia to come together for our cause and can't get 1 CPP to even answer. Come on Virginia we have to help ourselves, no one is going to do it for us. We have to put forth the effort to change the CDC guidelines. We can do it!!",unclear,anti-mitigation,pro-mitigation,unclear
I would encourage you to look into the CDC guidelines. When you change policies it will affect numbers. That quoted statistic is misleading.,anti-mitigation,unclear,pro-mitigation,unclear
NDTV live on the news of “Oxford Vaccine Paused “ today . The Astrazenica trail stopped . Pros and cons . Thanks fo… https://t.co/Z7FguoP6iW,unclear,unclear,unclear,unclear
Vaccinated people are also killing unvaccinated acquired Immune compromised people by not wearing their mask following CDC guidelines. So shove the vaccine up your ass Dan.,anti-mitigation,unclear,anti-mitigation,anti-mitigation
"For those believing that herd immunity is the way to go. It was never achieved,  look at smallpox that is much more… https://t.co/ByEcYJSiWy",anti-mitigation,unclear,pro-mitigation,pro-mitigation
"I wish 1 law firm would sign up to go agst the govt the CDC guidelines &amp; the DEA. Game on, we win. Our disability rights have been stepped all over. The ADA should have out backs, the ACLU too. Enough is enough. #opiophobics #opioidhysteria #SavingUsToDeath",anti-mitigation,unclear,anti-mitigation,unclear
"#CCP OK, if FDA believes plasma w/ varying levels of antibodies against #sarscov2 are effective post-exposure...

.… https://t.co/ADikCZ7JRx",unclear,unclear,unclear,unclear
"Expect the unexpected #2020
#Covid_19
#earthquakes
#irrfankhan
#Rishikapoor
#SSR
#planecrash
#bierutblast
#rainfall… https://t.co/5vrFKl3ZXz",anti-mitigation,unclear,unclear,unclear
The science never said we could take off masks. The CDC guidelines are nothing more than political propaganda to try to get people vaccinated.,anti-mitigation,unclear,anti-mitigation,pro-mitigation
Well it certainly helps when the CDC and The WHO change their guidelines on how they report cases the same day of Biden’s inauguration. I think most people knew that was going to happen. 😂😂😂,unclear,unclear,anti-mitigation,anti-mitigation
"Fully sourced and cited means nothing. It's extremely biased, written by a rabid anti-Trumper, doesn't include any information about CDC guidelines and is completely opinion based. People who share factcheckers would rather believe a two minute wrap-up smear than read for hours  https://t.co/ElT18XkHwb",anti-mitigation,unclear,anti-mitigation,anti-mitigation
"I hope this gets trending #IWillNotTakeTheVaccine

#COVID1984 #coronavirus #CovidVaccine #CovidHoax #CovidVaccineRace",anti-mitigation,anti-mitigation,anti-mitigation,anti-mitigation
"wait, there's a candidate in NORTH KOREA???!!! SERIOUSLY???!!! (August 23, 2020; 15:00 HKT) #covidvaccinerace #covidvaccine #NORTHKOREA",unclear,unclear,unclear,unclear
"Are you looking for a Logo Design for your brand?
You are in the right place, our Designart99 Team would love to wo… https://t.co/AsDRTMp9g4",unclear,unclear,unclear,unclear
"Can s (Putin's) #CovidVaccine reverse the world market trend and bring back the rerun of bulls?
Pict… https://t.co/h8Jl9YcDC8",unclear,unclear,unclear,unclear
Watch now: says public confidence is the key to the success of any vaccination program during rece… https://t.co/mon9L8pFG4,unclear,pro-mitigation,unclear,pro-mitigation
"Labor Day at the EARLIEST, Doc. 

And if there isn’t a #COVIDvaccine by then, the time has come for massive investm… https://t.co/bN2Eq88BGW",unclear,unclear,pro-mitigation,unclear
"Delta variant is starting to find unvaxxed people all over the 🇺🇸, especially in Republican run states. The CDC is reviewing their guidelines around masking + distancing in light of the rising infections. Some hospitals are being overwhelmed - lotsa younger folks. Patience now.",anti-mitigation,unclear,unclear,pro-mitigation
"Former SD Mayor and current gubernatorial candidate Kevin Faulconer is challenging Gov. Gavin Newsom to a one-on-one debate.  He is running on a campaign of supporting the police, lowering state taxes, following CDC guidelines and more.   Full story:   https://t.co/4WFFZRYwzC",pro-mitigation,pro-mitigation,unclear,unclear
Anti-ageing drugs could boost vaccine efficacy for older people as they rejuvenate the immune system. Find out more… https://t.co/U9tHDEbwOS,pro-mitigation,pro-mitigation,unclear,unclear
As mentioned about #CovidVaccine so why are we taking risks with Millions of Student's life and their… https://t.co/mbXbYyVvv4,anti-mitigation,unclear,pro-mitigation,unclear
"CDC guidelines to let vaccinated people not wear masks isn't because vaccines protect us from getting sick.    It's ""accepting"" we have to live with covid like the flu.  And to ""accept"" we will inevitably catch covid, get sick, die or get #LongCovid forever with no public debate.",anti-mitigation,pro-mitigation,anti-mitigation,unclear
Are people stupid enough to fall for an 11th hour covid vaccine that was rushed to market to make it look like trum… https://t.co/L14jaw6rE6,anti-mitigation,anti-mitigation,anti-mitigation,anti-mitigation
"New post: The CDC has updated its mask guidelines for schools. Some states will listen, some won't. 10 Luglio 2021  https://t.co/Eg1YCA9nUh",unclear,pro-mitigation,unclear,unclear
#MoonJaeIn is as evil as Xijinping and #KimJungUn! #Moon is currently conspiring to sacrifice the health of… https://t.co/opnVRLo36D,anti-mitigation,anti-mitigation,unclear,unclear
"And ...? Maine's law is better. In the US, the CDC guidelines infer all opiate users are addicts, but they absolutely are not. Crime follows everything that's criminalized. Terrible, terrifying policy. And doesn't reduce drug use AT ALL.",unclear,unclear,unclear,unclear
"First #CovidVaccine registered amongst all in the #CovidVaccineRace , what better day could it be than… https://t.co/CrIU2napL5",pro-mitigation,pro-mitigation,pro-mitigation,unclear
Put on the breaks. #CovidVaccine  https://t.co/HdNr0UiwAP,unclear,unclear,unclear,anti-mitigation
When it comes to mixing vaccines the CDC is parroting the manufacturers guidelines. Canadian politicians and medical officials are just creating random studies that aren’t endorsed by the vaccine makers themselves,anti-mitigation,anti-mitigation,anti-mitigation,anti-mitigation
"Three top U.S. health officials express optimism that one or two Covid-19 vaccine candidates will be approved, and… https://t.co/kdvH3At1MK",pro-mitigation,pro-mitigation,pro-mitigation,unclear
"$MRNA this is crux w/ Moderna #covidvaccine: 

despite of what they themselves call 'clinically sig systemic reacto… https://t.co/5tIbC72oiY",unclear,unclear,anti-mitigation,unclear
Mask opt-out form update: DHEC is currently reviewing the CDC's Revised Guidance for COVID-19 Prevention in K-12 Schools guidelines and will use them to draft the agency’s guidance for South Carolina schools.,pro-mitigation,unclear,anti-mitigation,anti-mitigation
CDC guidelines as of February 2021. Some patients remained positive even after 143 days after symptoms have resolved  https://t.co/XwARyR3oqG,unclear,unclear,unclear,unclear
https://t.co/dnRRqpvA1m PLEASE WATCH THIS MESSAGE! THE MARK OF THE BEAST IS AROUND THE CORNER #DNA #vaccine… https://t.co/GVFekFcNiS,unclear,anti-mitigation,anti-mitigation,anti-mitigation
 CDC guidelines does not require anyone vaccinated to have to quarantine. #conspiracytheory,anti-mitigation,unclear,unclear,unclear
"RT CDC Stands by Masking Guidelines, Says Vaccinated Americans Are Safe From Delta Variant  https://t.co/sIxCgUIMje  https://t.co/D8mxdRpp39",pro-mitigation,unclear,pro-mitigation,pro-mitigation
"reversing themselves while the agencies often differ in opinion &amp; can’t issue guidance for next week, forget a month.  Latest is FULLY VACCINATED CHILDREN must be wear masks in school-clearly in conflict with CDC guidelines. Is he vaccine effective vs Delta? Why mask up if it is?",anti-mitigation,anti-mitigation,anti-mitigation,anti-mitigation
"In 2015* DEA MANDATED a reduction in the manufacture of Opiate based PainMedications. To date, this accounts for over a 50% reduction in supply. Pharmacies cannot get PainMeds. Dr’s are ARRESTED. Charged against Arbitrary CDC Guidelines. ForcedTaper &amp; Abandonment. The Real Crisis",anti-mitigation,unclear,anti-mitigation,unclear
#CovidVaccine Gujarati always Rock 😂😂😂 https://t.co/AzDCxXm2Zd,unclear,pro-mitigation,pro-mitigation,unclear
"Russian President Vladimir Putin says Russia's first Covid-19 vaccine receives approval from health ministry, his d… https://t.co/bMOQpCFnu8",pro-mitigation,unclear,pro-mitigation,unclear
When will the mainstream media stop saying that President failed to meet his goal of vaccinating 70% of America by July 4th? He didn't fail. Nearly half of this country chose to politicize this deadly pandemic instead of following the CDC guidelines.,anti-mitigation,pro-mitigation,pro-mitigation,pro-mitigation
VACCINES ARE ON THE WAY!!!!!!! REPEAT VACCINES ARE ON THE WAY!!!!!!! #CovidVaccine #COVID19 #PandemicIsEnding… https://t.co/XYjWQajFGT,pro-mitigation,pro-mitigation,pro-mitigation,pro-mitigation
"Needle exchange locations have recently faced shut down efforts in Indiana, California, and New Jersey, despite fears of more HIV outbreaks amid a nationwide epidemic of injection drug use. #healthcare #cdcguidelines  https://t.co/AmXalsjSMC",anti-mitigation,unclear,anti-mitigation,unclear
The UK government has unveiled a series of measures to allow the safe mass rollout of a #Covid19 vaccine in the nea… https://t.co/iyEJ4v2cz1,pro-mitigation,pro-mitigation,unclear,unclear
"Notice the glaring omission of any mention of the NIH since the are neutral on IVM in C19. Which BTW, the NIH is the only US federal health agency responsible for creating treat guidelines.  Not the FDA or CDC!",unclear,unclear,anti-mitigation,unclear
Brilliant Academy SSC NDA AIRFORCE NAVY CDS MCA DSSSB RRB BEd CTET CLAT Polytechnic on #Google:… https://t.co/LHHir58I4e,unclear,unclear,unclear,unclear
Reminder to all those anxiously awaiting a #CovidVaccine: the National Childhood Vaccine Injury Act of 1986 made it… https://t.co/juCEBzIvER,anti-mitigation,anti-mitigation,anti-mitigation,anti-mitigation
So today I had my second dose of the sars-cov2 RNA vaccine or placebo. It’s a Pfizer study for BioNTech. Feeling a… https://t.co/5kSx31jfyR,unclear,pro-mitigation,pro-mitigation,pro-mitigation
$ENZC ENZOLYTICS NEWS BIO TECH MERGER . FUNDING FOR SARS 2 #COVIDVACCINE HIV VACCINE TRIALS ON CHIMPS #STOCKS… https://t.co/1EXEqn3lZQ,pro-mitigation,unclear,pro-mitigation,unclear
UN Children’s Fund (#UNICEF) will lead procurement and supply of #COVID19 vaccinations to ensure that all countries… https://t.co/DJcIptRfkk,pro-mitigation,pro-mitigation,pro-mitigation,pro-mitigation
"Premier of Queensland, Australia, Fakes Getting Jabbed With The Rushed Through Covid19 Vaccine - PURE PROPAGANDA -… https://t.co/DNSW1PVrUZ",anti-mitigation,anti-mitigation,anti-mitigation,anti-mitigation
"Doctor behind Pulse Polio bats for COVID-19 vaccination policy 

#CovidVaccine #coronavaccine
#COVID19India… https://t.co/jG6UaXKNvw",unclear,pro-mitigation,anti-mitigation,pro-mitigation
The CDC should have different guidelines for different states. No way Missouri should be under the same guidelines as a state like Vermont. #COVID19,unclear,unclear,unclear,unclear
Pauses are inevitable in pulling off an unprecedented feat gives an opportunity to reassess and replan… https://t.co/O8GnRjdNb3,unclear,pro-mitigation,unclear,unclear
LET'S KEEP IT THAT WAY! https://t.co/b5TwAGrw7G #COVIDvaccine #COVID19vaccine #mandatoryvaccine… https://t.co/jOTdapdFQ5,pro-mitigation,unclear,pro-mitigation,anti-mitigation
"Plus there are still federal &amp; CDC guidelines for wearing masks in congregate settings, on mass transit &amp; medical facilities.",pro-mitigation,unclear,pro-mitigation,pro-mitigation
"As someone who has always been critical of the anti-vax crowd, I’m struggling with the cognitive dissonance of bein… https://t.co/jALI2U7qfN",unclear,unclear,unclear,pro-mitigation
"The UK is pushing ahead to be the first nation to carry out ""human challenge"" studies where up to 90 healthy people… https://t.co/3iUsbnpxWb",unclear,unclear,unclear,unclear
The US-based biotech company Moderna has confirmed talks to supply 40 million doses of its potential Covid-19 vacci… https://t.co/8YAqd7KYjO,pro-mitigation,unclear,pro-mitigation,unclear
"I've been to a music festival and a lot of bars, clubs, galas, etc. since my immunization kicked in and I've been fine. That's anecdotal, but so is Dr. Simmons's experience. We need clear guidelines from the WHO and CDC regarding the delta varient.",anti-mitigation,pro-mitigation,anti-mitigation,pro-mitigation
"As India awaits the arrival of the much needed COVID Vaccine, the Centre has already prepared themselves for its sm… https://t.co/Gw5c2JXkqF",pro-mitigation,pro-mitigation,pro-mitigation,unclear
"I agree, but I think 22 years is a bit to short for what he done",unclear,unclear,unclear,unclear
⁦Falsely Claims His Daddy Invented #COVIDVaccine Idiot  https://t.co/lqnitjzaLD,anti-mitigation,unclear,unclear,unclear
"Nor has Donald Trump apologized for hiring ""experts"" Jared Kushnir and Mike Pence to lead the pandemic...and 600,000+ Americans DIED. Hundreds of thousands died needlessly because they disregarded CDC guidelines, and SOME DRANK BLEACH (as advised by DJT).",anti-mitigation,unclear,pro-mitigation,pro-mitigation
"Johnson &amp; Johnson pause their COVID-19 vaccine trial after a participant develops unexplained illness 
 
#COVID19… https://t.co/vvQnM7YIig",pro-mitigation,unclear,anti-mitigation,unclear
"I agree. I received pfizer. Started going without mask as cdc guidelines. Immediately came down with upper respiratory, at least I’m hoping that is what this is. I’m back to masking it up. Play it safe!",anti-mitigation,pro-mitigation,pro-mitigation,pro-mitigation
Works for them because it puts liability for going against CDC guidelines on you and your doctor and less on them. Here they check the databases and hearing people trying but they get turned away. Great if you have that privilege. Many don't. homeless. Prison inmates don't.,anti-mitigation,pro-mitigation,unclear,unclear
"FIRST RUSSIAN-PRODUCED VACCINE FOR COVID-19, DEVELOPED BY MOSCOW'S GAMALEYA INSTITUTE, RECEIVES REGULATORY APPROVAL… https://t.co/70jF7csCf8",pro-mitigation,unclear,pro-mitigation,unclear
Huge waste of taxpayer money IMO.  Ships are already sailing and they are going to follow CDC guidelines regardless.  I feel much safer than the zero guidelines of DeSantis.,pro-mitigation,unclear,anti-mitigation,anti-mitigation
My Dad just got sick with it.  Breakthrough case.  He was fully vaccinated months ago.  He was following current CDC guidelines for people who have been vaccinated and not wearing a mask to Home Depot.  He isn't doing well.,anti-mitigation,unclear,unclear,unclear
"'Emergency use authorization for Covid-19 vaccine to depend on clinical trial data: Harsh Vardhan'
-
Read more 👉👇… https://t.co/HU7DByLyxi",unclear,unclear,unclear,unclear
"According to the CDC's guidelines for K-12 schools, ""consistent and correct use of face masks reduces the spread of SARS-CoV-2 and, with some exceptions, is recommended for use indoors among people aged 2 and older who are not fully vaccinated.""    https://t.co/2DLyki2sdm",pro-mitigation,unclear,pro-mitigation,unclear
"“We are going to publish it. There are two reports, the first one will come in several days and it will tell people… https://t.co/PKM2RpQ0r0",unclear,unclear,unclear,unclear
"After successfully controlling  #COVID19 it looks like China may be the first with a #CovidVaccine

https://t.co/TRX9V6ft1M",pro-mitigation,unclear,unclear,unclear
Luxurious choice of separating population control with #CovidVaccine is not available as of now. https://t.co/4ZCjC53LSw,anti-mitigation,unclear,unclear,anti-mitigation
"""California is diverging from the CDC on masks in schools""  https://t.co/hoYIvCJwd9 Federal guidelines are meant as a national (minimum) standard &amp; with vaccine testing in other countries showing less effectiveness against #COVID19 D-strain many leaders wish to promote caution",anti-mitigation,unclear,pro-mitigation,pro-mitigation
3rd stage of Russia's Covid-19 vaccine may begin in 7-10 days #coronavaccine  #CoronavirusPandemic  #CovidVaccine… https://t.co/MpLgQfQTnJ,pro-mitigation,unclear,unclear,unclear
"They were all fully vaccinated &amp; CDC guidelines say you don’t have to mask indoors, particularly with other fully vaccinated people. They didn’t do anything against currently known data",unclear,unclear,unclear,unclear
#CovidVaccine: EU reserves 400 million doses of US-made virus vaccine | Euractiv https://t.co/lyIPzSO2yO,pro-mitigation,unclear,unclear,unclear
It’s not. Learn why you choose to make things up when CDC clearly says otherwise on the guidelines published just days ago. Empty assertions.,anti-mitigation,pro-mitigation,unclear,unclear
"Fake is Fake, Fake it till you Make it, Fake News, Fake reporting, Fake People, - everything is bloody Fake. Comparison of total Covid-19 fatalities based on different reporting guidelines from US CDC...  https://t.co/GxV1okUBhR",anti-mitigation,anti-mitigation,anti-mitigation,anti-mitigation
"Most of us know Covid isn’t over, I follow the CDC guidelines and stay 6 feet apart. Is there was a way to help you not feel so sad risnor? Do you think everybody should just start wearing masks again even when vaccinated and around others who are vaccinated? What’s your stance?",unclear,unclear,pro-mitigation,unclear
"This #Individualism shit might make it so we never get a vaccine or cure. 

https://t.co/EaY3jJzxwC

#TYT #COVID19… https://t.co/7ik4a3EAch",anti-mitigation,pro-mitigation,pro-mitigation,unclear
Meanwhile. Some good news around on #COVID__19 #Feluda #CovidVaccine #IPL2020 #Tata #Medicine https://t.co/ExjyyBsiEB,pro-mitigation,pro-mitigation,unclear,unclear
"A #COVIDvaccine is considered the #silverbullet for a broader market rally, but the S&amp;P 500 won’t see as much of a… https://t.co/LcJjSev8YM",unclear,anti-mitigation,unclear,unclear
"While he was trying to stop testing, lying about the virus, undermining masks, encouraging States to open against CDC guidelines, and hosting super spreader events? Just STOP Jake. It’s like giving Hitler credit for not killing some people.",unclear,pro-mitigation,anti-mitigation,pro-mitigation
It is unethical to mandate any vaccine that has not had proper safety testing. Period. #COVIDVIC19… https://t.co/pGAGV21MGS,anti-mitigation,unclear,anti-mitigation,anti-mitigation
"Vaccinated teacher and students won't need to wear masks next school year, according to updated guidelines from the CDC. How do you feel about the change? 👍 or 👎 Read more:  https://t.co/5i1tBVOYLA  https://t.co/F3OiBufEPg",anti-mitigation,unclear,unclear,unclear
"New CDC guidelines for school in the fall, which I strongly believe were written by the teacher's unions (that is why they endorsed them) are just brutal.  How can you tell a 2-year-old to wear a mask and social distance? It's child abuse and pure evil. ",anti-mitigation,anti-mitigation,anti-mitigation,anti-mitigation
Will mandate vaccines for the Armed Service Members? Will this administration require a… https://t.co/7xPOTRWEzW,unclear,unclear,unclear,unclear
Serum Institute on reports of free vaccine shots in 73 days for all is completely false and fake news!!!… https://t.co/S5TfDi4OYe,anti-mitigation,anti-mitigation,unclear,unclear
"How to stay optimistic that a vaccine for COVID-19 will soon be available for public consumption?
#COVID19… https://t.co/DQDMwkKTAA",anti-mitigation,pro-mitigation,pro-mitigation,unclear
The Russian Health Ministry said on Tuesday that the first batch of Sputnik V vaccine has been produced for civilia… https://t.co/wZAv7mw8t8,pro-mitigation,unclear,pro-mitigation,unclear
"Although ""because the CDC says"" is a poor argument, I don't think you're aware of what CDC guidelines for schools even say.    https://t.co/heLM4KJS3w  https://t.co/rj0ufeek97",anti-mitigation,unclear,pro-mitigation,unclear
"If your kids are too young to be vaccinated, how do you protect them from COVID-19?  The CDC has updated its guidelines for schools. And we’ve got advice for summer vacations and outings.  https://t.co/kJTzPQoXYw",anti-mitigation,pro-mitigation,pro-mitigation,pro-mitigation
This is NOT what we needed to hear right now. Looks like the wait will be a little longer than anticipated...… https://t.co/Ik07SkxzQX,anti-mitigation,pro-mitigation,unclear,unclear
#Putin says he has the first long term #CovidVaccine and has tested it on his daughter..... https://t.co/2cK4wPYq4d,pro-mitigation,unclear,pro-mitigation,pro-mitigation
Particularly sad #RuthBaderGinsburg handed #GrimReaper #MoscowMitch &amp; #TrumpUnfit4POTUS the #OctoberSurprise whn ot… https://t.co/lwwH0fZMQM,unclear,unclear,unclear,unclear
Book Ordered! Ultimate betrayal? Could trump rebrand Putin’s  #RussianVaccine… https://t.co/an1fTCIZSw,anti-mitigation,unclear,unclear,unclear
"My guess = because the information chain has become such a clusterf*ck, any decision-makers rightfully scared of lawsuits want to be ultra- if not stupidly- safe from a legal standpoint. Even CDC changes guidelines at a rate that could cause whiplash. Test'n'deny forever more?",anti-mitigation,unclear,anti-mitigation,unclear
"Dr. Marsh: If you really look carefully at the guidelines from the CDC and the American Academy of Pediatrics, they're really not that different. CDC recommends that if people are fully vaccinated &amp; two weeks out, they don't need to wear masks in classroom/",unclear,pro-mitigation,unclear,unclear
Planning to reopen your building or increase building usage following reduced operation? Be sure to follow CDC guidelines to ensure the water quality is safe. Visit  https://t.co/gXZIQQKSQd to learn more or contact us at dwmconnect https://t.co/v5IHUi8YJN,pro-mitigation,unclear,anti-mitigation,unclear
"Watch: 172 countries signed up to #Covid19 vaccines development programme, the WHO has announced.… https://t.co/VmaloHnLis",pro-mitigation,pro-mitigation,unclear,unclear
"Whose vaccine will you take?

#COVID #CovidVaccine #CoronaVaccine #CoronavirusVaccine #BillGates #vaccines… https://t.co/hOeyChCGJi",unclear,unclear,unclear,anti-mitigation
"You will get same promise of free vaccine only in May 2021
#CovidVaccine 
#BiharElections https://t.co/sHs5ZR09Qp",unclear,unclear,unclear,unclear
You might want to tell them they still need to mask up per CDC guidelines.,pro-mitigation,pro-mitigation,pro-mitigation,pro-mitigation
"Where r we disposing our used #Masks #Gloves? Where r these ending up?

We humans r the real #virus for… https://t.co/uVZKirNEho",anti-mitigation,unclear,anti-mitigation,anti-mitigation
Now we can all laugh and cough as we like. Russia is here for us.😁#CovidVaccine,unclear,unclear,pro-mitigation,unclear
Hey genius there was fuck loads of data on it going back to the 2000s. They even did a fucking TV episode on it based on Fauci's CDC guidelines.,unclear,unclear,pro-mitigation,unclear
#BigPharma Is #PriceGouging You; Even After Getting Govt. Handout https://t.co/jQjtsizpOX… https://t.co/B89oKn2vjp,anti-mitigation,anti-mitigation,anti-mitigation,unclear
Who in their right mind would want a rushed through and potentially unsafe vaccine. Another example of… https://t.co/01eT61osg7,anti-mitigation,unclear,anti-mitigation,anti-mitigation
"Nepal precident announces of Corona vaccine made by him 😂
#CovidVaccine #RussianVaccine 
#Putin #nepaloncorona https://t.co/5HTbp2FvRc",unclear,unclear,unclear,unclear
"Why #CovidVaccine will be given only to #Biharis 1st ( I know it's a Jumlaa) ????
What crime have people of… https://t.co/seQricgBiu",anti-mitigation,pro-mitigation,pro-mitigation,unclear
"WHO To Review Russia's COVID-19 Vaccine
https://t.co/w8G02L1Xra

#CovidVaccine",unclear,unclear,unclear,unclear
"#CovidVaccine pursuit has to be for common good, says 
""Common good is a rock,"" he adds.

https://t.co/r7QpSGaqxd",unclear,pro-mitigation,pro-mitigation,unclear
"Actually, wrong again. I ONLY read the scientific docs, guidelines, and WHO/CDC datasets. That's the funny part. It's all there for you to read. That's the only confusing part. What are YOU reading?",unclear,pro-mitigation,unclear,unclear
Why does continue to promise a #covidvaccine by the end of the year when the true experts say differently? #delusional,anti-mitigation,unclear,unclear,unclear
"If I EVER tweet anything again, this is THE TWEET TO HEAR...all others are subject to giggles and mockery. THIS IS… https://t.co/nyc3dClb7z",unclear,unclear,unclear,unclear
It is a tactical statement by so that all state governments declare that the #CovidVaccine… https://t.co/lAMC2CQCg2,unclear,unclear,unclear,unclear
He did it too late. IMO. He was also wrong at the beginning along with the CDC guidelines which trump can put the blame on for being given bad information.,unclear,unclear,anti-mitigation,unclear
"IF vaccine is approved, they have every intention of making it mandatory but by other means, targeting the poor and… https://t.co/gDr3FTi82G",anti-mitigation,anti-mitigation,anti-mitigation,anti-mitigation
Dr. Rochelle Walensky says the CDC is leaving it up to local officials to set guidelines for mask-wearing as the highly contagious delta variant of the coronavirus surges in areas with low vaccination rates.  https://t.co/bIF8RJ6EDh,unclear,unclear,unclear,pro-mitigation
Putin's daughter might have vaccinated . But those who are claiming that a girl in that video(ss i shared) is Putin… https://t.co/UOKtLRPZdX,unclear,unclear,unclear,unclear
"I'm scared, too. We don't have remote available and they're making vaccines and masks optional and removing size restrictions. I wish they'd just follow the CDC guidelines at least.",anti-mitigation,pro-mitigation,pro-mitigation,pro-mitigation
"She did quantitatively among the worst in the nation almost every month of the pandemic.  She held a rally when the state had hundreds of cases, declaring emergency next day. Ignored CDC guidelines. Put active cases with most vulnerable. Chose to mandate rather than educate.  https://t.co/RX99j0aJLQ",anti-mitigation,pro-mitigation,pro-mitigation,unclear
When something doesn't make logical sense. Like the guidelines from the CDC. You know money is behind it.,anti-mitigation,anti-mitigation,anti-mitigation,anti-mitigation
Russia have putin a lot of effort in this vaccine. MAGIC-al Moments for all. What do mean it does not have vodka in… https://t.co/XKxpe9yMXB,unclear,unclear,unclear,unclear
"World's largest vaccine manufacturer is from India ⚪⚫

#CovidVaccine 
#covid19 https://t.co/Rn7KtGcZgA",unclear,unclear,unclear,unclear
He was probably observing CDC guidelines. Does the man not get that he was the only one putting himself at risk by getting within 6 feet of the guy,unclear,unclear,pro-mitigation,unclear
🇮🇳”India is known as “Pharmacy of the world” - More than manufacturing: India’s homegrown COVID vaccines could tran… https://t.co/lPFgO1ft3t,pro-mitigation,pro-mitigation,unclear,unclear
"The union changed guidelines and the CDC published what they wanted. That's a bit more than lobbying. And ""transparency""? Only through a FOIA request. I genuinely like and respect teachers. Not in love with smarmy tactics",unclear,unclear,anti-mitigation,anti-mitigation
"Over 99% of the covid hospitalizations in the last 3 weeks have been unvaccinated. If you are vaccinated, the pandemic is over. Full stop. The CDC says mask guidelines for kids won’t be necessary when school starts in the fall. You don’t trust the science anymore?",pro-mitigation,pro-mitigation,pro-mitigation,pro-mitigation
First meeting of National Expert Group for Vaccine Administration chaired by VK Paul and Secretary… https://t.co/NPiE9RZmAh,unclear,pro-mitigation,unclear,unclear
CDC Travel Guidelines: What You Need to Know  https://t.co/lRrbOsWXNC  https://t.co/ZQMbtSmXbL,unclear,unclear,unclear,unclear
"A Taiwanese-developed #CovidVaccine has been given the go-ahead to start human trials. From Addimune Corp., it is t… https://t.co/7ma2Gh9lNn",pro-mitigation,unclear,pro-mitigation,unclear
The idea that science is somehow pure and void of politics and that scientists should be held as righteous stewards… https://t.co/MMLcinCamf,anti-mitigation,anti-mitigation,unclear,anti-mitigation
"Diagnostic Pathology: Open Access announces Special Issue on ""Therapeutic Applications in COVID-19""
Click here to s… https://t.co/LT2uEebhss",pro-mitigation,pro-mitigation,unclear,unclear
"Majority of stores in my town seem to have the sign, “If you’re fully vaccinated, masks are optional per CDC guidelines.”  I told my kids, “SOON they’ll require proof of V to shop.”   You can mark my words. It’s fine.",anti-mitigation,anti-mitigation,anti-mitigation,anti-mitigation
"Pfizer’s Inclusion of Kids In COVID Vaccine Trials Is a Sign of Progress, Experts Say https://t.co/OVoNEFE8yq via… https://t.co/F4kI0saKW2",pro-mitigation,pro-mitigation,pro-mitigation,unclear
"Russia becomes first country to approve a COVID-19 vaccine.

Meanwhile #nepalindiaborder #CovidVaccine… https://t.co/UyW81Nwxf0",pro-mitigation,unclear,unclear,unclear
President #Trump just announced that we've reached an agreement with Moderna to manufacture and deliver 100 million… https://t.co/6l6hGBCXRr,pro-mitigation,unclear,unclear,unclear
Pic is a quote from your website.  Can you please explain to me what your plan is for chronic pain patients in MI who've been forced off their opioid meds due to misinterpreted CDC guidelines &amp; govt meddling between doctor &amp; patient?  I'm trying to become more informed.  https://t.co/gSd4la4kh6,anti-mitigation,unclear,unclear,unclear
"As the CDC continues to update guidelines for fully vaccinated and non-vaccinated individuals, businesses are also regularly updating their mask requirements.   Here are some of the latest developments:   https://t.co/izfGEL4rNd",unclear,unclear,unclear,unclear
"A Tampa federal judge gave a win to Florida and Governor Ron DeSantis, Friday, tossing out COVID-19 Centers for Disease Control (CDC) cruise ship guidelines.  https://t.co/Ke24vgrBKJ",anti-mitigation,unclear,unclear,unclear
"For some reason DeSantis has fought against following CDC guidelines to contain the virus from the first. Now, because of him, local leaders can't mandate masks &amp; social distancing as they did. 1 out of 5 COVID cases are from FL. #DeathByDeSantis",anti-mitigation,pro-mitigation,anti-mitigation,pro-mitigation
"Out of an abundance of caution related to COVID-19, the San Antonio Immigration Court’s annex on St. Mary’s Street is closed today, June 16, for cleaning, consistent with CDC guidelines.",pro-mitigation,unclear,pro-mitigation,pro-mitigation
"Lets spread more such positive news. Let's hope 2021 brings new hopes!!

#Covid_19 #COVID19 #CovidVaccine… https://t.co/NKuPrEs04f",pro-mitigation,pro-mitigation,pro-mitigation,pro-mitigation
“The emergency is over.”  Governor Cuomo says New York’s Covid-19 State of Emergency expired tomorrow.   Suggests still following Federal CDC guidelines with regard to masks if unvaccinated  https://t.co/B3vzgmmjNq,unclear,anti-mitigation,pro-mitigation,pro-mitigation
MOVING FORWARD: Pastor Kiemba Knowlin says Jackson Memorial Temple will reopen after 15 months following all CDC guidelines.   Masks &amp; social distancing inside the building. Tomorrow there will be a parking lot service and the sanctuary will reopen 7/11.    https://t.co/Q4kGc7Rl5Z,pro-mitigation,pro-mitigation,pro-mitigation,unclear
"Deep dive into the #CovidVaccine race and the #DMSB with #PaulOffit. Worth the read.

https://t.co/7vpo5pHPan",unclear,unclear,pro-mitigation,unclear
.&amp; reasonably optimistic about #CovidVaccine but emphasise nothing’s certain. In meant… https://t.co/GTGZiTupnv,unclear,unclear,pro-mitigation,pro-mitigation
"6 months ago, the doctors and scientists told us a #CovidVaccine would take a year to 18 months to produce and test… https://t.co/P56RtffuEB",unclear,unclear,unclear,unclear
Step one: stop listening to Fauci and the CDC. Their guidelines and standards change like the weather,anti-mitigation,anti-mitigation,anti-mitigation,anti-mitigation
"This is why they don't want our kids in schools yet. If they make the flu vaccine mandatory, the FOREVER… https://t.co/4INpqilJV9",anti-mitigation,anti-mitigation,anti-mitigation,anti-mitigation
CDC Updates Guidelines To Protect Kids From COVID In School. Plus: Vacation Tips  https://t.co/RNbmubAwZa #srq #srqlife #sarasota #sarasotaflorida #floridahelpinghands #Florida #Tampa #TampaBay #SiestaKey #siestabeach #bradenton #sarasotafl #manatee #lwr #sarasotacounty #ggv #FL  https://t.co/o7QJXyKjuj,pro-mitigation,pro-mitigation,unclear,unclear
So ⁦will shove an UNproven #CovidVaccine #COVID19 #COVID__19 vaccine down America’s throat for el… https://t.co/skwV6fwKJd,anti-mitigation,anti-mitigation,anti-mitigation,anti-mitigation
"If staff are fully vaxxed, and they’re continuing to follow best practices and CDC guidelines, that’s very reassuring. Lots of other personal questions about family’s health, necessity of day care, personal risk tolerance, etc are all things I would weigh.",pro-mitigation,pro-mitigation,pro-mitigation,pro-mitigation
"Los Angeles Country -  California Will Keep Masking, Testing In Schools Despite New CDC Guidelines   https://t.co/SAkqODbz65 via ",pro-mitigation,pro-mitigation,pro-mitigation,unclear
"Proper Social Distancing Matters!
#SocialDistancing #Quarantine #QuarantineLife #COVID #COVID19 #Covid_19… https://t.co/xglXTerrVo",pro-mitigation,pro-mitigation,pro-mitigation,pro-mitigation
Can somebody please explain to me why we aren't doing antibody testing? #COVIDー19 #CovidVaccine,anti-mitigation,pro-mitigation,unclear,unclear
"Here's chancellor statement about new CDC school guidelines: ""The science shows that our rigorous, multi-layered approach has made our schools the safest places to be, and we are reviewing the CDC guidance with our health experts.”",pro-mitigation,pro-mitigation,pro-mitigation,pro-mitigation
"Given a chance in September, will you take a shot of Putin's vaccine?
#CovidVaccine #CoronavirusVaccine… https://t.co/Gx68uQMJMB",unclear,unclear,unclear,unclear
So psyched to be participating in the Pfizer COVID-19 phase 3 trial. One small step to see socially distanced loved… https://t.co/9Cz0DcZjEL,pro-mitigation,pro-mitigation,pro-mitigation,pro-mitigation
"#Lockdown2 #covidbriefing #Covid_19
#COVID19

The COVID vaccine challenge will only be solved by powerful, finessed… https://t.co/1nlSWt0nB8",pro-mitigation,unclear,pro-mitigation,unclear
harry styles #harrystylesisoverparty #HarryStyles #TaylorSwift #TaylorSwiftIsOverParty #Folkore taylor swift haylor… https://t.co/mwis5pDy2O,unclear,unclear,unclear,unclear
#makethisgoviral  https://t.co/9r3dfSQ7EJ #donations accepted cash app: $docnorm STUDIES SHOW MORPHINE MILLIGRAM EQUIVALENT (MME) USED IN CDC 2016 OPIOID GUIDELINES ARE BOTH BOGUS AND UNSCIENTIFIC: THEY MUST BE REPUDIATED   1.  https://t.co/EmEj17ze19,anti-mitigation,unclear,anti-mitigation,anti-mitigation
AstraZeneca Plc on Tuesday said it has paused a late-stage trial of one of the leading COVID-19 vaccine candidates… https://t.co/AozWatmyHc,anti-mitigation,unclear,unclear,unclear
"WTF do any of these people think they are, overruling CDC guidelines or making decisions for anyone regarding medical information?  What's next? Are Republicans going to accompany me to my annual physical and provide me you results?  Fuck all of them.",anti-mitigation,pro-mitigation,unclear,pro-mitigation
"#CoronavirusVaccine #CovidVaccine #RussianVaccine

Whole world right now* https://t.co/yDRpLWWVnV",unclear,unclear,unclear,unclear
I'd reject those wanting to go into safe areas since they failed to follow CDC guidelines.,anti-mitigation,pro-mitigation,pro-mitigation,unclear
"I know the CDC guidelines say that fully vaccinated people don't need to wear masks, but I am struggling with seeing so many people not wearing masks everywhere.",anti-mitigation,pro-mitigation,anti-mitigation,pro-mitigation
"update: DAILY MAIL: scientists respond to DEATH (October 22, 2020; 20:50 HKT) #covidVACCINE",anti-mitigation,unclear,unclear,unclear
"Treat your Patients !!!  Doctors followed CDC guidelines and now I am in great pain &amp; on the floor...   For those Doctors who choose to act with little thought, heart, and most importantly... lack of fortitude to do what's right--- for their patient's.  Honor your Oath, treat !!!",pro-mitigation,unclear,pro-mitigation,unclear
"Breaking : #Russia released world's first #CovidVaccine.

#Putin said ""Russian health ministry has approved vaccine… https://t.co/Drb9qFGUQ8",pro-mitigation,unclear,pro-mitigation,unclear
"Some months ago I'd #dreamed people were dying horrible deaths, it was from #COVIDVaccine in #Russia which was the… https://t.co/WZgmR11HHR",anti-mitigation,anti-mitigation,anti-mitigation,unclear
"Even though people appreciate the Fast Track / Warp Speed approach, they are more concerned about the effectiveness… https://t.co/Sp793MJzbn",anti-mitigation,unclear,unclear,unclear
"When the CDC relaxed mask guidelines this year, “initially it was hoped that the revised guidance would encourage more people to get vaccinated, it’s clear the message many Americans heard was, vaccinated or not, masks were gone for good.”  https://t.co/bbnNhe3ojj",anti-mitigation,pro-mitigation,anti-mitigation,unclear
The CDC is leaving it up to local officials to set mask-wearing guidelines as the highly contagious delta variant spreads in areas with low vaccination rates.  https://t.co/b41falcBib,unclear,pro-mitigation,unclear,unclear
No immunity? If that the case then the #CovidVaccine will never work. It will be completely useless.,anti-mitigation,anti-mitigation,anti-mitigation,anti-mitigation
Want facts abt #COVIDVaccine &amp; #COVIDLongHaulers truth?#ListenToScientists like MD on He believes… https://t.co/C46ypuJ2gv,unclear,unclear,unclear,unclear
"As #gbpusd falls below the 1.27 handle amidst increased Covid measures this morning, the UK can at least be positiv… https://t.co/CPaEsBJbug",pro-mitigation,pro-mitigation,unclear,unclear
You mean the precautions that lead to only testing non vaccinated players even though vaccinated players are transmitting covid to each other? And 24k in the stands not following cdc guidelines but no big deal.,anti-mitigation,unclear,pro-mitigation,anti-mitigation
'Wouldn't Trust #Trump On Safety Of #CovidVaccine Released Before #USElections #CoronavirusVaccine #USA #America,anti-mitigation,unclear,anti-mitigation,unclear
"Also, the problem with those who keep baying about losing their freedom because of COVID-19 restrictions is that they forget that rights and freedom come with responsibilities, and we all have the responsibility of following CDC guidelines to keep us safe.",pro-mitigation,pro-mitigation,pro-mitigation,pro-mitigation
Thanks &amp; for interview last week on #CovidVaccine prioritisation.(https://t.co/k1qvWuSLuI) Ha… https://t.co/rrbT96Q2W8,pro-mitigation,unclear,unclear,pro-mitigation
Most vaccines deliver a protein that covers the surface of the coronavirus and triggers the immune system to produc… https://t.co/nPFFiLPPXA,unclear,unclear,pro-mitigation,unclear
"Due  to the competition in the #covidvaccinerace, we must estimate a market share for a #Moderna made… https://t.co/Ea9kntNMeo",unclear,unclear,unclear,unclear
"I don't understand these Senators.  The CDC does NOT MAKE LAW.  They issue guidelines.  Anybody can reject them outright.  And nobody can force anybody to wear a mask against their will.  It is a violation of civil rights, medical coercion.  That's the message! ",anti-mitigation,anti-mitigation,anti-mitigation,anti-mitigation
You still haven’t shown me a person that died from following CDC guidelines. The current consensus is wearing a mask now is a good idea I can guarantee the cdc has save many more lives than it’s harmed during this pandemic.,pro-mitigation,pro-mitigation,pro-mitigation,pro-mitigation
3/ The point is criticism of #BJP could make it withdraw the false promise as well as make other parties realize th… https://t.co/ERD3fKUMg0,unclear,unclear,unclear,unclear
9 drug companies pledged they will not submit vaccine candidates for FDA review until their safety and efficacy is… https://t.co/hRaOsvg8aL,pro-mitigation,pro-mitigation,unclear,anti-mitigation
"I had it the 3rd wk of February 2020.  Wouldn't T-Cells be a way to tell if you had it? That's why Herd Immunity was on WHO, CDC, etc. GUIDELINES not wait ""Bend The Curve"" then wait for a ""Vaccine"" for ""Herd Immunity"".  #COVIDー19 #Covid_19 #pandemic #vaccinated #VaccinesWork",pro-mitigation,unclear,anti-mitigation,pro-mitigation
"All right Mr. Grant, CDC says up to School Boards and Districts for Guidelines on masking. Are you going to fight for EVERY child to be unmasked or are you going to go along and have them separated by vax vs unvaxed, making some 2nd class citizens for an EUA vaccine?",unclear,unclear,anti-mitigation,anti-mitigation
"In the #dream, #Russian #COVIDVaccine killed around 1 in 1000, &amp; killed around 1 in 3000, often younger people, whi… https://t.co/v3iiY6cJUl",unclear,anti-mitigation,anti-mitigation,anti-mitigation
"So then, per CDC guidelines, not required to quarantine.",anti-mitigation,unclear,anti-mitigation,unclear
"How will be vaccinate the world?
#vacine #vaccinate #coronavirus
#covidvaccine 
Source: Design: Mark Hall https://t.co/lagiNuN9Zb",unclear,unclear,unclear,unclear
"FWIW, the 2009 CDC rules for biosafety permitted SARS to be studied in BSL-2. Not saying that was right, but certainly not unique to WIV, nor anything nefarious if a group followed those guidelines. And this isn't my field, but I'm guessing CDC had reasons for that standard.  https://t.co/hr9gqt6sLu",unclear,unclear,pro-mitigation,unclear
"CDC School Guidelines: Vaccinated teachers and students don’t need masks, CDC says | World News  https://t.co/SsBK6rvabb",unclear,unclear,unclear,unclear
"Funny how you ignored my request for proof that it went against cdc guidelines. As far as mentioning Trump, if he didn’t down play it like he did then none of it would have been necessary and it wouldn’t have been that bad to begin with!",anti-mitigation,pro-mitigation,pro-mitigation,unclear
"Antimalarial Drugs Utilization, Adherence to Malaria Treatment Guideline and Awareness of the Guideline among the H… https://t.co/VkevPuEg1o",unclear,unclear,unclear,unclear
"Does Russia have the cure for Corona Virus? 

Read here:
https://t.co/1PgvxzyHkY

#CoronavirusVaccine #CovidVaccine… https://t.co/RA7f8RMlFx",unclear,pro-mitigation,unclear,unclear
